nilai,absensi,jam_belajar,dropout
89.99303752695938,95.0011824444591,3.0018995018564008,0.0036877804960501284
39.99703525694757,49.998814612825214,0.9966463810436333,1.0062908395180084
69.99713699862404,80.00114861532545,2.0130755017731397,-0.007814104541153312
89.99600578462083,95.01751348162875,2.998786411998916,0.0027737683268885213
90.01249530397794,95.00518392090785,2.995931883919794,-0.01488849060758605
39.997117771740804,50.01243647271694,0.9975736923011368,0.9915213281531976
70.02100120282344,79.98984485262208,2.008385076131266,0.010348424168362513
70.00926947088831,79.98936155693255,2.0084738806233373,0.00845768258870996
89.99054974325334,94.98749978177133,2.988927501207412,-0.011867184107568422
49.994151449420784,59.987393111845854,0.9891593035416908,1.0018780830762608
89.99933907729695,94.99742829116502,3.0047503198277754,0.0034868915746168734
89.99939338075639,95.01387629138455,3.010486044282554,-0.0003224110921358516
90.00461055824128,95.00076724867452,3.012552210527846,0.015998608414960633
89.99712834434825,94.98614171371887,2.989258085848963,-0.008185066834245141
40.01420537074103,49.9958209178577,0.9990228630411934,1.011515291298935
69.9935085122955,80.00726656780293,1.993985241368346,-0.004152243189533263
39.99519058966185,50.00213477049343,1.007347573378008,1.0101832651447928
39.99883227991541,49.98865856518561,0.9985372740349467,1.0034903733704954
40.01989652882329,49.99634402753824,1.018494216594371,0.9974406410909389
90.00077674253616,95.00901023204048,3.0049798455614467,0.017965040238565648
49.9955927336958,59.98718390923641,1.0000509321667943,0.9967148916637528
70.01318792102545,80.01480695328088,1.9920674658346946,-0.009445241344608222
49.98251014422984,59.98280818251122,0.9975459393903023,1.0045125301244249
39.98920539155102,49.98677607722464,1.013246329316383,0.9823470122011333
39.98569194877308,49.99264323882962,0.9997871580486333,0.9988458309967218
50.00209042331741,59.98374935616202,0.9919083838164033,0.994699406057194
50.00275216376385,60.005487296872765,1.0004936001955005,1.0010476119099214
49.98787167886186,59.99749179526494,1.0066923770194907,0.9877240437055632
39.99299784820961,50.013142585668945,0.9929590384425481,0.9911934849224245
39.99627482706718,49.99790651721688,1.0078605314991238,0.9883850019473207
70.00050918268282,80.01441319446567,1.9964961844226994,0.0032560927420597604
69.99345039573669,80.0152682062784,1.9872244704183215,-0.003460705472842736
40.00412682517988,49.99973994144578,0.9883321756019612,0.9972091398134522
49.990522604426594,60.00785554495914,0.9912038265487327,0.9915417763884583
50.00085851517344,60.01388359388134,0.9990996025008078,1.0077840805053877
70.00326054969736,79.98946152294049,2.0019123479355434,-0.012047482515106378
39.98896718935353,50.00366842186571,1.000677752636306,1.0047509273779687
69.99609756260043,79.99866431425022,2.0086301410844265,0.0041266406604836044
69.99367765241945,79.97355334552144,2.001864265512965,-0.004039059567108702
90.00684302304865,95.01370782931352,2.990099851649893,-0.01225670923624538
89.99900484220908,95.0016826519509,3.0029196428624543,-0.01000025713884071
90.00696534918882,95.00458745167528,2.9973160035755764,0.007929720192435737
49.98671841429732,60.01316451799707,1.024729522855035,1.0117477603503162
40.00717874728795,50.00334481670842,1.00215689908699,0.9706407807804169
40.00906912144615,50.00124300221415,0.9908830148671899,0.998694115160004
39.98846187863055,50.00286462736059,1.01755511885439,0.9977420628856749
40.005971915458076,50.00448799906824,1.0009410858391816,0.9968673033776548
89.9714371844035,94.99729542503911,2.9970791908269123,-0.010155788072807705
49.997195028982034,60.01051985889835,1.0121920863517861,1.0025359802030065
50.00248514833456,60.00105979706239,0.9888628381331891,1.0125915306521804
90.00384638078451,94.97076679114988,2.9980362016098248,-0.003128129775295625
50.00210757501158,59.98562401163125,1.001517834893755,0.9946297360057561
90.00993454584865,95.0046796547657,3.00690469910834,5.236989886927535e-05
40.02198092671073,49.993426446254006,1.0057621181908731,1.013288460936537
89.98234239962252,95.00555308598345,3.016297426388372,-0.008359373533695005
39.98399496845711,49.99373003391184,0.9933419031811844,1.0041225302080596
40.002692434623484,50.00272572938461,0.9766273446868121,0.9981584503935229
69.99025734826732,79.98219458638201,2.00033305789848,0.0008263148146518439
89.99866924808867,95.0020056328564,3.0015942968318337,-0.003195558113511253
69.99696412740064,79.98816444914493,2.0120124958654326,-0.0047709068873056
90.00089964331768,94.98717615413302,3.0014444043884505,0.005714322437206293
90.00197439541273,95.00632375281423,3.0040570022244393,0.007771121656586924
69.99306850546613,80.00907243664578,1.997727326510718,0.0030360706531822085
69.99190995176454,79.98472351194273,1.9912507024731745,0.001329991044724231
89.99613275911521,95.00122167817224,3.0050546235357065,-7.409170967945113e-05
50.01894180012531,59.98284363367809,0.9814529601486693,0.9983871457786859
39.99322266352577,49.994134543333224,1.0102252491241996,1.0009032991374038
69.99406591850718,79.99005742070574,1.9831868054612416,0.00614161533501646
40.00116598510372,50.00316798568888,0.9995361138581067,1.0072723161305128
49.98674496654377,59.99131736085869,0.996610671290723,1.0041525643417981
49.99166089197348,59.99345159490382,0.9873724076016399,0.9888017381590406
49.9998173466328,59.99106080204156,1.0051144439202615,1.00497328344132
70.01546183326074,80.0085524610411,1.9793346363323145,-0.0026752815209318825
50.00638995865213,59.98590578020096,0.9969733303518932,1.008316235579521
70.02011393224944,80.00862507800605,2.00726958360097,0.014491419316376698
49.99823722864235,59.987790306417615,0.9909034745136058,0.9912019307320261
39.97619203968802,49.98884859210353,0.9985138027818811,1.0242141237845324
39.98074808853404,49.99243605502595,0.998125427095703,1.0006968288433393
90.00651046267545,94.98104268346587,2.9939490272156934,0.010803931355771419
39.98064036888396,50.009489706085134,1.0068608239768642,1.0136667500578083
89.99895756678694,94.98777274006034,3.012774827501598,-0.008761322961121889
40.0070487699458,50.008129546070414,0.9968107394031605,0.9925256416127693
70.00436772425343,80.00340363126499,1.9883927507718149,-0.0060830967415338175
40.01894139230616,49.9991087790985,0.9906443464848206,0.9826126603524001
89.9905223582928,94.99462178390095,2.9995521881135905,-0.004798065779980708
89.99825203170941,95.00454943795837,3.001783454203066,-0.002539940161092173
49.98994126484812,59.99239715785576,0.9972162083543906,0.9938580680283662
70.0018915036108,80.01032437646288,2.0149193659098716,0.011510571948175901
39.99587122321221,50.00385169426749,1.0102919846123315,0.9992832170347085
49.99528798502817,59.99681767872079,0.9901230595036419,0.9939706546337523
40.01959798088267,49.97103927610027,0.9937063293410203,0.996906617048526
39.99056645461302,50.003033976768236,0.9981319352204452,0.988047566969238
49.990360052098595,59.99790533240973,0.992225699539119,1.0071533661946475
49.98766842639312,59.99261335236931,0.9952270599574482,1.008081526214586
50.00639347975992,59.99283552410989,0.9979318428608173,1.0271910630808472
50.0064234211978,60.01338071390753,0.9882514478291865,1.0054506457402856
50.00161705901423,59.98939099063457,1.0043789798887974,1.0026724944127363
40.0049807822272,50.019301563539805,0.9949404452855829,1.0026597558337407
49.98946512573083,59.9993075209929,0.98773787713727,0.9900108990781875
70.01300820713695,80.00649759148456,2.01721696901467,0.0015516056334757692
90.00293830545844,94.99525749192688,2.993373734520735,0.0015668269468327792
50.00008015141005,60.01189617674441,1.0139765687770126,1.0089373441349627
49.99658637981223,59.99199609309474,0.9880652104497706,1.0102029439199147
40.016887412522394,49.99531774067945,1.0004622068496294,1.0110340769462263
50.008659341322236,60.007506755441426,1.002715500766851,0.9988689665568666
50.02006542780994,60.00195347936604,0.993227029071911,0.9795005039719509
50.01524208918013,59.97669946231612,0.9941329744953018,1.010910222056128
40.01791780610404,49.996010699191785,0.9938070383528911,0.9919703301057794
50.01356584388974,60.01646174971547,1.007315834856514,1.0093094440464374
89.99700547540711,95.00069509466019,2.996205622722183,0.002841702726877587
40.00178407380702,49.98589103066055,1.0068398457864864,0.9897494227491874
89.99573455319224,95.00880751729483,3.0122576527227425,0.007566361561087336
39.995047910235265,50.005055918406086,0.9884658822314706,0.9860299039005607
49.98720598423414,59.990958611399144,0.9742223004509231,1.0105798895053204
90.00168897146168,95.00086019917299,2.9995202704335644,0.006108398708166357
39.987319888216234,50.01000876301547,1.0168113379693609,1.0030966013873548
70.00544054381776,79.99110734633015,2.0087936396990203,0.008649798158536167
50.00941130315032,60.00591020476764,1.0157148811609047,1.0178602992132437
39.99314287421669,50.00607573415927,1.012008656644138,1.001859427404365
70.01506854973168,80.00914993745968,1.9857365782782794,0.012700080054910448
40.0104476719498,49.99747158028454,1.006841580417089,0.9823954869308067
70.00640377540235,80.00715278782745,1.9952850139881504,-0.002407528373345413
50.0052478231918,59.98333078957668,0.9957339803387981,1.0106325996853278
90.02092342670024,94.98811472960175,2.9994927451443116,0.005976135822995499
69.99046332676211,79.9878529809353,1.9886098038084616,0.0031221385365331894
40.0068657984272,49.99247919411043,0.9936446024107324,0.9962324634390606
49.99799930854301,60.01022026931915,1.007132533170285,1.0067252614181996
69.98215305871354,79.99937480878323,1.9932190842388804,0.016402093085016417
39.99089943316306,50.008793906806616,1.0059037163223508,1.0135291833680524
40.00973136564002,49.994844638752106,0.9969234741089682,0.9895164359920176
40.00534449244994,49.99029286717074,0.9839695409045356,0.9908480824553623
69.98175678290866,79.99809132592199,1.9939173516311344,-0.000343734391688742
70.00190529667498,79.98101836919267,1.9815129809741614,0.01167711984691213
69.9963395969858,80.00153784223073,1.9992638926391526,0.007398079647796711
90.01119601612318,95.00190656919496,2.9990768999759116,-0.005091939633745511
69.98938404539905,79.99667326819882,2.006410221783622,-0.015035944376950865
70.0089741577237,79.99888503828141,2.0058152623995245,-0.0031696029444200197
69.98320858465891,80.00465398486888,1.9961351943003502,0.000943293668295666
90.00378333780901,95.00377473058334,2.9779678382740444,0.012117421670854603
70.00352026347794,79.98177896343383,2.011596687635087,0.001222946861824405
40.00758312181355,50.00009230999646,0.9929427865524167,1.002037839699701
69.99580036212419,79.99351461697383,1.983323802260262,0.00502056846816688
40.004945289940935,49.99884267668969,0.9821133628176545,0.9988795481518454
40.00372565164771,49.999292495762724,0.9963856509999496,0.9898928594516191
40.00296277242555,50.002992560764575,1.000889918343455,0.9896133657710277
89.9972242706964,95.00218246517458,3.0054926685724275,-0.009052576358054348
90.00046080643611,94.98833982317369,2.9936336217544,0.0071003806119754875
90.00709110102034,95.00131734266782,2.9956248559856777,-0.00647314173675371
69.99802974480633,79.99221255462506,2.0013007040956032,-0.010199360625127205
39.99997272813718,49.98114196341754,0.986166247902609,1.0000004262920543
90.00702941213368,94.98546457087076,2.987412962506371,-0.008065081543849698
90.00083213010778,95.00829345423523,2.9936867845865915,-0.0031866747942761553
70.01461959749518,80.01002543454715,1.9974701553559933,0.006403730875631409
89.98573725346333,94.991006261284,3.0094306214578914,-0.004977295843728132
70.0155882928416,79.99212012078858,2.0208545110450915,-0.001378553957076522
49.98517832182322,59.98559609902453,1.0132892267407099,1.0039076543960497
90.01244887538618,94.99233133208226,3.000218059439668,0.008783117497766463
49.99037871265882,59.98942653424828,0.9840408048292504,1.0108154865466983
70.00186203753645,80.00717629237293,2.0108500989177367,-0.0025173848178419666
40.000664347050886,49.99061978885294,1.0137605205418494,0.99092708247269
90.00456795824043,94.99205948902645,2.9898951916809415,0.006239839939624447
70.00345725224177,80.00529474505808,2.0073685328685142,0.0016659955822028991
40.01190275919492,49.994911722504675,0.998238225028734,0.9753809308074565
39.97354344964951,49.99727844579631,1.0047166016443658,0.996004227376392
49.99372497382875,59.99134283213725,0.99652062493806,1.0006158751838439
70.00385997380505,79.99242016636411,2.013202450930373,0.022203416897014924
39.998131887372736,50.00380090780488,1.0069920587384338,0.9834517514589196
90.01363921429864,95.00879071714625,2.995252215320749,-0.009768959710198562
90.01620005584999,94.9814489810031,2.987131751551255,-0.00037463395572442547
50.002089055604166,60.00415852758479,0.9879790648358219,1.0018569845775644
39.99838776489233,49.996554409656326,0.9963836664152843,1.021818767369813
69.99363765054116,80.00650461656264,2.0102129338354007,0.010229261367834088
90.00145276796732,94.986153941071,3.0142822862691494,0.005215699820200727
39.992960015506995,50.01551893811289,1.0045637122008402,1.0104264355028258
40.004574192246935,50.01972062854896,0.9917499721479464,1.0041562186059245
50.01013993948173,60.00641651483037,0.9894600975639499,1.0036269701406937
89.9883893013765,95.02822167522106,3.001154162665634,0.0051956461197436915
89.98724489800661,94.99054097060764,3.0003609670109026,0.004104448538914497
70.00125128520769,80.00339982901987,1.9917187281474877,-0.0024688340972151045
89.99546585632956,95.00474442297609,2.986937676203112,-0.00017467002686263368
70.00064271176578,79.98328947679707,1.9949001256960415,-0.0065450043551888645
90.00585208148513,95.00010311693816,2.998081510948592,-0.011219763805250705
49.989706400857074,60.01596325554147,1.0099603999492885,0.9896219676289304
90.00196142187497,95.00392423545966,3.0247889320258934,-0.004229732123714565
70.00740442288314,80.00965079027094,1.9768332065551197,0.009390476232864558
70.01805067600748,79.9928644303651,1.9962601228222194,0.001704829264661397
50.00062764508963,60.013027352067525,0.9959802712535699,1.0104593519039822
89.9960108337936,95.0067443041044,3.0054952547318528,0.00019001250898670807
90.00251516851688,95.00892936686529,3.0005719153159722,0.0001318632393539306
49.99813192894486,59.9843178564826,1.0049104376874753,0.9689526701590676
89.99958080778931,95.0000001285255,3.003193875720314,0.017681597280545417
89.99724116553546,95.00552079799434,2.9950120371893636,0.004727875374241899
70.0039552457285,79.9960378795044,2.0063896835156996,-0.006798028921646306
90.0143749930944,94.99672251205591,2.9927244458134443,0.02827489092962161
90.00118173577307,95.01615681994421,2.995217209055794,-0.0042711200293494254
49.98770336924911,59.995777518324175,1.0060931214857638,0.9951796920157838
49.99218619648829,59.99473398698129,1.0101405227376234,0.9997863006803787
40.01049481298168,49.9882387772913,0.9902459199146807,1.0054477319066957
69.98657370152192,79.99167111572349,1.9971920471649798,-0.007077790342855927
89.99446509263866,95.01100729693894,2.9878728075124963,0.0030967292398963236
89.99176314035395,95.00803573250943,3.0054413148144805,0.004960912910137108
39.996573884198476,49.99525491212528,0.9987666951801442,1.0203830854062432
89.99773834247962,94.9966274611527,2.9896671219516295,0.00029567086400303355
69.99704042633029,79.99171608046434,1.9802031869589296,0.0009703098108445851
40.02198866764462,49.98582690003858,1.0208011128214987,0.9774003076594451
70.0114527553343,79.98774097023966,2.0089421497395135,-0.00885762251958351
40.02023629000746,49.996739726398815,0.9936945181428217,0.9779675618919573
40.010739982798384,50.006325620620316,1.0081221333479207,1.0038784610782132
50.00029723917947,59.987331248754366,0.9992651610932233,0.9940634378254503
69.99428206140581,80.00816170927592,2.0091796845118806,-0.005894381879673803
89.99375902648606,94.98463790963996,3.006869841223982,-0.007806450619362839
90.01422335053091,94.99608816947662,2.98736633866151,0.012197840911799287
69.9836297059773,80.00442350473928,2.0107875740962533,-0.006454864978595405
90.00618229359578,94.99354199785138,2.981956514409815,0.015801832890734474
89.99725630564299,95.01702233611401,3.012523599161287,0.008984880693304553
70.0057594132584,79.99486654767037,2.002966946338856,0.01122957952069575
40.00817671897176,50.01102627689603,0.9922921310323563,1.0223573135841995
69.9956754336875,80.01270807105057,2.0009709019342012,-0.006399341145302534
39.99802821978111,50.00865201574465,0.9981288080425843,1.0007118633948273
89.98597650978118,95.0000134482739,3.0065695338031104,0.001148133784122887
90.00673109561448,94.98841937191575,2.996942266268486,-0.004338583057670973
89.9912710354506,95.0264347804246,2.997179098979359,0.0041767647204984226
50.00525060545379,59.996463360221945,0.9913421690974091,1.006752383926161
39.99018643706497,50.019894895350106,0.9968325107539396,1.0213389196597134
49.99329520809075,59.99991352628253,1.0083280754845916,1.0000432977210048
49.98920495943053,59.99833114573431,0.9788128225897257,0.995998934534505
69.9954478938235,79.9954378487806,2.005072104077962,0.013066211761910597
50.0069789354347,59.99033873006787,0.9926164071215773,1.019900760275372
69.99107785100645,80.00482496062236,2.011632267335812,-0.009888527678066633
70.00652201204531,79.98467305162049,1.9995465683843576,0.013234954517070789
50.00021716352284,60.0123106743112,0.9997800781273237,0.9821705676859107
40.00219925518605,50.00817326137924,1.0110246377327285,0.9950457147583683
39.98337174066342,50.0043886399416,1.0019650743858253,0.9991745409049075
39.99455463554399,50.02530725091868,0.9887110234308087,1.000993114679328
39.99844414120492,50.001727799339086,0.9760549192768122,0.9949841852046655
40.00913017218452,49.99944457800818,1.0024718238111427,0.9924865416287415
50.00115209035863,60.00038738001888,0.9902843115683644,0.9949886265710455
50.001848141203546,59.99897587147261,0.9947291901796819,1.0017475476333388
90.01480867205784,94.98386776876956,3.00367570148119,0.005325583526720317
40.000335816477396,50.007399150470825,1.0230516944009225,0.9908299461346731
50.00402046924605,60.014417531868624,1.0118723453128222,0.9974803780006471
89.99133651474503,95.01160121006035,3.011097247458248,0.014608802921801235
40.004340241523025,50.00374267885484,1.021686908911484,0.990127303501924
70.00764493547524,80.00421017632567,2.0056484072376466,0.001280120200904339
89.99693562125641,94.98119396160153,2.982883579165373,0.03317723049539452
49.9856536542099,59.996660259380036,1.0039282891405963,0.9864675539419842
70.00301322779566,79.9990137982748,2.007789285553508,-0.009292613226377585
70.00470159171105,79.98955162339487,2.017936608375744,0.006422095913993023
69.99913498330808,79.99414014845676,1.992658105111511,0.0027182327265239388
89.997829172394,94.99648135503291,3.009623115762127,0.004880009121378299
49.99127449327526,59.98341763190081,1.0004144842208345,0.9937719485398674
70.00921704547326,79.98634590290153,1.995479088739969,-0.01958058066410818
40.002964532366946,50.00280863435742,1.0104603543115707,0.9972770370954251
69.9920855706066,80.01630056888885,1.988965447301583,-0.004470501370923958
70.00032140679369,79.98864648723139,1.9866101180612477,-0.021126963951450323
89.98797109083493,94.98668685801822,2.9889081967450886,-0.004250995415407993
89.98869456992828,94.99143426734513,3.0000718280222096,-0.008012659848789822
50.00332972534289,59.989401640964154,1.0077806680469892,1.0121630853231605
39.994353630952496,50.001916998523185,1.0023820813874695,1.0039880940294728
90.00019818967364,95.00189767553015,2.9974520172129253,0.008018796068453512
69.99327618795215,79.99848664480801,1.9921232071325332,-0.0023625847277586724
49.991987613466506,60.00038739902871,0.9957652846483983,1.0137939353121006
70.00930081696906,79.98663085237555,1.9979803988723268,-0.016730233785950798
69.99862292010593,80.02520456000377,1.9964649049682583,0.0045048316128274285
89.99426728570317,94.99173979092708,3.003238788203122,0.016780155171513926
50.00105993200178,59.99204067556389,0.9829196810747011,1.0141400523135462
39.995577485697446,50.01596995646298,0.981528104821541,1.0069733215421546
40.011227019935,49.992972586648456,1.0145795119643406,1.0186765340717057
90.00700568345434,94.99076462238085,3.0054026134039202,-0.009049332457101173
89.99478234641977,94.99535664563165,3.0082034522667263,-0.013925868799633097
49.998275236269414,59.98793364100115,1.0081734929869448,0.9893228292940746
39.98417719467199,49.99135522548806,0.9989379120373556,0.9945450129623655
40.01151854687063,50.00121639733288,0.9909463854124516,0.9943162295064966
40.01016001016238,50.015285394922756,1.0163532997390463,0.9966439244023743
69.99664258910643,79.99450042750298,1.9872522137847788,0.01301266899533021
39.99382688763798,50.01133735551665,0.9775175780259436,0.9890351645629544
69.99252639950718,79.997402132007,2.00153191702585,0.007446071587755595
49.99178691230936,60.001192471835935,0.9761545741867175,1.0002870620365245
70.0067628965924,80.00441398993831,2.0190780400686057,0.013696569006169286
49.99009036358397,59.99785030145369,0.9934532754624699,1.001667277573844
40.00882634320165,50.000335550286486,1.001815472985315,1.0075527562068387
39.97635497317023,50.01368223510453,1.0024996970703577,1.0137761841042519
50.00303919025182,60.008449311552525,0.9918663525878136,0.9870763990560819
90.00723976150431,95.01104163379578,3.006570729170677,-0.013938899832837923
49.99734505445165,60.016648418980445,0.990750383825027,1.0120961013083047
90.00467393741147,95.00336860235856,2.995239425969821,-0.004853753935391055
69.9887590560496,80.01523236348612,1.9982624266094517,0.0012293950793040081
69.99400413212726,79.99501977504774,2.009162253683682,0.004979824265117603
70.00467362087483,80.00079172596287,1.9989100472548345,-0.0004391563265040039
40.002085445860914,50.002748936892594,0.9971444387007524,1.0068216798460685
69.99216706664953,80.00321036975797,2.016530216287354,-0.010960756796132006
90.00300631969101,94.99335186475267,2.9996504817156198,0.009506211532797956
69.99427404501118,79.99745329429484,2.016573725084948,0.008491473234104334
49.98972556251751,59.99968766210505,0.9904064631719989,1.0008025242398513
50.00018827997699,59.994114381364824,1.0025888683795356,1.0051214673913076
40.00893491986028,50.00417092071753,0.9865434443081381,0.9972548334736663
50.00092318292053,60.00183317085638,1.0135685367598923,1.0017163451898587
90.00515999812426,94.99568886447155,3.008392917058603,0.013309850627335099
69.99741596034502,80.00337181404316,2.029160276039757,-0.008819204387962751
39.99256343729075,49.99838589681665,1.009526295049092,0.9826881595714291
70.005418116996,79.99861196655804,1.9997895572527047,0.014687545182396245
70.01181518312971,80.01868273506693,2.02173448216667,0.001971882412906954
89.99524348031143,94.99823164482325,3.0001239917475733,-0.004619860312486399
50.00476211923626,60.01758308154537,1.0109851656876112,1.0049681080954629
50.00746242618944,60.01566952689113,0.9947043060647013,0.9849562726355686
69.98196831900361,80.0140340729328,2.0198184109051747,0.008443987659802093
40.004166305168894,50.00478443815038,0.9785729811175309,0.9897559846628378
49.99428697612276,60.02195908294116,1.0082479371983073,1.0083693965816818
39.9928344485296,49.98674393598479,1.0036807483799661,0.9965109474898836
50.00140418544996,59.9970751321813,1.0151148111868542,1.0059837521827368
39.98380430509689,50.00433250296119,0.9911993409681643,1.0217306050916883
90.00302541405381,95.00535790918312,3.00117268779252,0.0015101126403110076
40.004381061259984,49.990942793598286,1.0042082156386751,0.9915393808303767
90.00455468320945,95.0012381634472,2.97670210790846,0.011616621593166114
89.99901667295254,94.9979051821489,2.994157252546838,0.0008663271790831001
39.97626802143069,49.97712309884535,0.9958296411883993,0.9807986155407381
89.97968051020833,94.99479730854507,3.0014764106261307,-0.00931042394576302
70.00652686679848,79.98903643500635,1.990336327047996,-0.013341059799733511
89.99110997969237,95.00446882255171,3.0014967141534634,0.00678072014536294
50.000947547438194,59.991415594050494,0.9985479009568919,0.9946844373989921
40.01076115680437,50.01028562376972,1.001745164692937,0.9872904357237272
69.99160439936321,80.02063314034166,2.000972290035225,0.009306448067064666
39.99830862794372,50.00587018789861,0.9883727794691818,1.0190273275721737
49.97750670360862,60.023900443161,0.9998190273676434,0.9810955959864733
49.99277454794311,59.993501960396124,0.990784708118328,0.983273642792312
50.00641650500804,59.99335409012968,0.9814072354900019,1.0011025113101768
89.99728744807122,94.99260984849151,3.0016472839471,0.0028994528768471832
90.00381289276217,95.01246791243106,3.018754620177034,0.0024677968288985405
40.00652950488797,49.99618727372412,0.9882883998408052,0.9998578589968529
40.00011921824671,49.98760260306472,0.9995704231206243,0.9928349120658775
69.99241393993194,80.00568161498784,1.988716917893643,0.009030243123762023
69.99339728280734,79.9906972296862,2.0122586152170525,0.010702891598676375
39.986259982381014,50.005937474343064,1.0034604311639879,1.002278893090365
90.01138331968602,94.99680117627786,3.004727488678312,0.010402048350169748
50.01308506103702,60.00474174146569,1.0110664759654622,1.008604420094994
39.97985847916374,49.989953569670575,1.0034434456966692,1.005543355764664
69.997868217773,79.99473190455629,2.003953498935202,0.0026614346367103566
90.00556217239573,95.01185574411863,2.997520733681145,0.0001450936281093199
40.003039857251935,49.996462875699244,1.0039567277714423,1.017397746850721
39.99494904140325,49.99704531905677,0.9985576955513809,0.9880546442794701
89.98842260984333,94.99649558191685,2.9989720353490936,0.005968317984585359
39.99519993045723,50.00442520640597,1.004354790185987,0.9955850329896825
89.98941581860453,95.00300191828121,2.9853926889239264,0.0015362544289410913
49.99355400885256,60.01349805674928,1.0007338746248138,1.0114355584812438
90.00412268051836,95.01065575947644,2.987253133471646,0.0006549024936491555
90.00839326391444,95.00091889906135,2.993462795392296,-0.009707773253066671
90.00090795530195,95.01655193521916,3.008770237837871,-0.004214703173566717
39.99070722329588,49.99242263923217,1.0002936585662967,0.9989849944457435
39.994502542093876,50.00540828824684,1.0129763708961317,1.0116526907957453
89.99662532460236,94.99902329042735,2.996994899197784,-0.020378129454771618
40.01466546939782,50.01139972149489,0.9861266872424623,0.9905179021560596
70.00786323459262,80.00371361541238,1.9966324835674147,0.003194984119804964
69.99957192156587,80.00360177290062,2.0011262704032133,-0.003053515857614922
39.99520605038041,50.008662642957184,0.9963803449735892,0.998441650550595
40.01625985424055,50.00539257664392,0.9962287459940644,1.0139807840989905
89.98499185951192,94.98678083775563,3.006206113870068,-0.007031287300988873
50.005127223745966,59.99514704574868,1.0179496901133294,0.9992833043812904
39.99597030983323,49.98946563089092,1.004842531763883,0.9895488435499157
69.98975288952717,79.97656994040372,1.988367399683215,0.009013723442769557
90.00624906261768,94.9941663396821,2.999443473594509,-0.013426891537436082
40.00791592231043,50.00567874600885,1.006612834868676,0.9838796558125109
69.9881954188521,80.00791692779717,2.0028701622672664,0.00702296962219104
69.98648911635007,80.00958959047716,1.9856885882203603,0.00771017979811508
50.00815801889916,60.00541559476855,1.012063987753121,0.9984280138937601
90.00324997970213,95.00656862299107,3.0001065455684146,0.007140519871707066
90.0003601007464,94.98305450372176,2.9918113412614216,-0.012063690380722391
49.96712058666905,59.98294324514238,1.0047831619054353,0.9995502379736606
49.995234441097935,59.99557275212626,1.0075238580642167,1.008439365116839
90.01721638670953,94.9866626385098,2.991815508135678,0.008842868574895293
90.00381676733512,94.98695963683105,2.9903904748939323,0.005134193574830842
39.96466556003247,50.00036383065756,0.9871243921046015,0.9978107640941283
39.984794729230195,50.00017927963338,1.010600321684021,1.0068212980149993
50.00688285331624,60.00986970367652,1.0023150164493873,0.9892552900980144
40.01428104050009,49.979962183676605,0.9897577676931713,0.9949301489367707
69.9943128455812,80.00717344355296,2.0068555621658937,-0.004150199235932183
40.01661427759812,50.002520611591805,1.0110706539776777,1.0071556570733775
40.00138860945804,50.015121347230355,1.0041364268187927,0.9992701395778458
70.00703177143632,79.9890508293684,2.0046572897266346,-0.006059248659931364
49.995292557032094,60.01510681827137,0.9972352299729873,0.9934989776265987
70.00581322546546,80.00391198006929,2.0043293765126964,0.0014942159921385132
39.99123944783678,49.995849504821884,1.0022305422763864,0.9918012517274396
50.00830170454297,60.02279397305295,1.0037196741502568,1.0121175245100635
39.99646010846241,49.99715660808028,0.9940034051167793,0.999988146744891
70.01416332105586,80.00656509614754,1.9809784477922432,0.001211617565584193
70.00242960906093,79.99334434785015,2.0154283422313863,0.0057660645805328245
40.00263022889077,49.99130737125495,0.9805628589292252,0.9953974601752933
90.01465484662671,94.99133205561893,2.9822120473133857,-0.011663663796471758
89.99250447157233,95.0205211008521,3.0125332578644413,0.0024752094624896255
69.99669839803522,79.9996379032897,1.9913244928826181,-0.001033484558425778
70.00019475041428,80.00252696469698,1.982567661890009,0.006724059507483166
89.9983493001148,95.02730404983363,3.011014004917589,0.007136879675223345
89.9975489525923,94.98486429237455,3.0047884847697466,-0.010461130544799342
39.99648280488458,50.013039810157416,1.0061772197913754,0.9930556246406999
39.99496552077966,50.003915130345206,1.0055579708957423,0.98513837063063
89.97526549531875,95.00716890581863,2.9977057037642254,0.004379149370982455
40.00040667586006,50.0122272847004,1.0061581249338132,1.0103553971326247
40.01727528164033,49.989300962614685,0.9851337667428793,1.002299826617205
49.99094649727508,60.01967088873228,0.9928259212915171,0.9951005505287237
39.989653521577075,50.00029309679938,0.9999606040321485,0.9996381435619696
70.00468642930682,79.98883700325972,1.9993669042606317,0.0018633715097391974
39.97571320043953,50.00268300494533,1.0097536883091676,0.9955949367335533
39.98940326096596,49.98575964848514,0.9988483976873509,1.007829142210079
90.01078677260317,95.00074515150176,3.0043214674970455,-0.008158376342989165
69.99924222625884,79.99496816069066,1.9991878697894523,-0.001198405880040609
39.97529742900341,50.00157780545787,1.0016992263897335,0.9993066751985071
40.013327697176315,49.97305290145833,0.9862415481033001,0.998434619725325
49.98745065941485,59.992789513443135,1.0096998528543437,0.9957795396181527
39.973868245858945,49.980044108145115,0.9873569698866098,1.0126766307866257
39.99210180160848,49.99413396388647,0.9988837348457386,0.9868822354098779
49.99876625596227,59.99811498154327,0.9990214648910083,1.006336640923874
90.01282549982648,95.0012417524019,2.9944178110663953,-0.014809477826012985
40.006684018673184,50.01217108672036,0.9958092878627799,0.9994017163522714
50.01017452314736,59.9815820284633,0.9855697968342911,1.001073332294727
69.99189571816375,80.0084169371564,1.9945091079729638,-0.008963942081699025
89.99791584926554,94.99301915254597,2.9893646904559747,0.004254961270928018
70.00258597948002,79.99453251776865,2.004677975081773,0.00013294125160780976
69.99400649915096,80.00433387358378,1.9942283030261714,0.012779231864435739
50.01170775953797,59.984787474903364,1.0069781633014487,1.0060193729505724
39.998117180307624,50.00134535215791,1.0051588569021976,1.0008435409492673
50.002299188783056,59.99745549294395,1.0065649346552248,0.9864790765080663
50.00310428691473,60.00681084209709,0.9955681121686312,0.9959694961468151
50.0161847796115,60.010293130328876,1.0139060125377715,1.0064500133305512
50.00984608436205,59.995083099519746,0.99913553379164,1.0056063138847324
89.98920053637536,94.98947688540355,3.0041543879888923,0.007608949315565617
40.004731280809274,50.00815558840796,1.0064251562074773,1.0002808430999486
69.99969244941698,79.98895299820468,1.9948600049866172,-0.006340446996928411
70.01234210574408,79.99105820272901,2.0154368601208015,0.004755433471816635
39.997997233421906,49.99700707547259,1.0027705558407098,1.012020965923211
70.00124740026112,79.99743422594905,1.9910683718622877,-0.01404111983737074
39.99521499549652,50.00036926449733,1.0004930539188108,0.9880430280191094
69.97815254417485,79.97778494789658,2.0072478363785953,-0.006319373588431224
49.98163979346055,59.987590671975674,1.0004960108203846,0.9973806262931733
70.00567792037243,80.00620123552473,1.997461016411227,0.0030757637514969467
39.994118619917096,50.00532268906021,0.9905203804610102,0.9928560108653078
39.99851688772238,50.013743836099565,0.9924700311757538,0.9838345666105048
39.99437292652487,50.000009516949696,1.0023542985617564,0.9998522464193828
40.000133710963134,49.99678428908992,0.9988537346709147,0.9967228830418599
39.99801993048635,50.021817399178474,0.9931946698127784,0.9931173411742791
89.988991655153,95.00143800935494,2.998334581024697,-0.005238647866486602
90.01461409724382,94.99599652179838,2.9831022407211507,0.0016738165302500002
69.99511518231016,79.98771320812307,2.0156321965985877,0.006913627750092424
40.01068961114986,50.01966616997766,1.0074139224057628,0.9912066896767211
70.00516530752115,80.01570942701457,1.986159822903385,0.0052165697614351995
40.00433098474743,49.99930877262597,0.9875461646590233,0.997489296672564
40.00567540296147,50.00394491295442,0.992863698837987,0.9864596032926346
90.01506985394498,94.99986059071597,2.989808307353463,0.0035396603717013386
90.00099688842892,95.02198411078952,3.0070015070279816,0.007302718991856503
49.99787798089313,59.9989243695558,0.9976828152668855,1.005509388797889
90.00396480528872,95.00600450069403,3.02190461192203,-0.004014472697934814
49.98270436394271,60.00741816776718,1.0000890438209125,1.0051747128548056
50.00510344963259,59.99797093139439,1.012360138640745,0.9973849882967014
50.004438311172045,59.990135433132025,0.9995958052565566,1.0024000709940035
50.006671660323825,60.0136749542865,1.0037826352299832,0.9995731484723386
49.98943132972245,59.99731584738931,1.0025043743712316,1.0059007248743472
69.99319273787515,80.0055523012482,1.99608343172874,0.01013981869356139
89.9971438662371,95.00834561679841,3.0077981150584656,0.003383769803792454
50.01231018664238,60.00175246370985,0.9925980299739249,0.9970325194634854
40.00426978886273,49.99199685043821,1.0144446241341394,1.0086648269790477
90.00313472044233,95.00192419131118,3.0030452506550493,-0.005863929141117353
90.00734347718725,94.98350867755315,2.991556429303511,0.0010838741431185633
49.995777830823414,60.000509085447916,0.99500040784458,1.003237989126728
69.98995947141914,80.01500475615245,1.9923636610722473,0.009607249963057498
49.99179804230225,59.99739799021407,1.0081331482591782,0.9938720769598995
69.99991053080538,80.00737237474752,2.009552764091358,0.003653065979422681
39.990456530856925,50.014550384492715,1.011839517059805,1.0002987672884214
89.99418067263241,94.99853333720712,2.9883773811045584,0.0013028103403060973
40.018671489084014,50.00776400961581,1.002779095636507,1.0087408116237924
69.98407561150664,79.99127484382824,1.9891809844909643,0.0011401970343207818
69.99414274212904,79.9969681833845,2.00628578711529,-0.00333372210664704
39.99465843474284,50.02884821355645,1.0116039730026927,0.981047226832433
70.00154830664847,80.00703625368688,2.009339699535494,0.0003632702515117443
40.01033903882112,49.99020814966317,1.0036075851921569,0.9984826377309582
90.00877619025565,95.0038382925889,2.9978730067374175,0.01286729859044869
40.01018087894792,50.01184577175243,1.0038117481636493,0.9870701247894071
89.99911169458264,94.99878461667558,2.9897713597586932,-0.009833256308408615
40.018805786338376,50.00278283793175,0.9907814956625104,1.0027110483618316
69.99278748294425,79.99356988463973,2.0041462863244304,0.011297100448008952
40.00548951292914,50.00344425478101,1.0070390026744749,1.0131259436366882
70.00616359318157,79.99367004991107,2.0154090309570694,-0.008396199331807906
40.01462334591276,50.01004715964985,0.997960620662243,1.0034624602580273
39.99812991003085,50.00890906483714,0.9988781014596476,0.9895022706782697
49.994808584045906,60.007984498554436,0.9933058747540581,1.004667165329973
70.0030263531524,80.01481510836389,2.00843793583296,-0.006406987520866292
49.99309321030397,60.00262785507691,0.9920910493024571,0.9912625670115713
69.98385551825506,79.99699888652434,2.0077103190761982,-0.0029420383318047734
49.990302570559734,60.00262312313875,0.9894669703824299,1.0211045137839843
89.99558808921556,95.0233482608264,2.9956436875144585,-0.013443017643829444
39.99417600185758,50.0067772325446,1.0046703385888767,0.9818680502352997
69.99992408043863,80.01058015962761,1.9966533317582449,0.004039313529165706
69.98950890517867,79.98703598937232,1.9926946517355892,0.008834511005312812
40.00064482321584,50.00409777345713,1.010233984139665,1.0093734950146025
70.0116031413619,80.0111360988494,2.008316635732931,-0.005191642549424391
69.99227179598408,80.00857335181492,2.0090332003094025,-0.002850507957531771
50.020109976595414,59.99333853090176,0.9990655956294563,1.0071716358243676
69.98479347963317,80.00382591867461,2.0073098031337557,0.0010651340550647
89.99816967607424,94.9935247910145,2.993963298147769,-0.010839849118485645
90.00602853374014,94.99050851890676,2.9947673867328035,-0.0004981815473179603
39.991408463105486,49.9825178070249,0.9828855332362384,1.0056850468848457
70.00709823042214,79.99143696818477,1.986335271743635,-0.004029569387620181
40.01374121163758,50.00986873404332,1.0028654011047515,0.9880775893408128
89.98683122629753,94.99965546397951,3.004992654908033,-0.0014841862942488698
70.00135915601324,79.9971195079998,2.013911679461256,-0.007836604360986705
70.00925351740865,80.01062368091742,1.9936336102737542,0.005943120712081328
39.99343166164843,49.999290768665155,0.9940097795357027,1.004674776590142
89.99766597884202,95.01468585404007,2.9961226226067392,0.0031556399383588195
70.00810411444739,80.00595424535001,1.9953236715544689,0.002230349202299843
39.99672554462143,50.013761701721755,1.0089084850171788,0.9972843820365318
89.99144101266761,95.00362087434495,3.006138648239128,0.006839748297002709
40.01525427716488,50.00529018811236,0.9999829921072201,0.9817991118710466
50.01329281828778,59.985921948206354,0.9857935420263477,0.9954135035662963
70.01250202830997,80.01319961263597,2.019420007371822,-0.004971759877014336
49.99388662039822,60.0029821122685,1.00121919100182,0.9989702621375709
90.01073189021939,94.99402608353574,3.001530828634541,-0.00962471515621531
49.99989672000779,59.99827118575659,1.0004472183015467,0.99151377034539
50.002490281047024,59.989440235582414,0.994724763502384,1.0077333313921653
89.99564159436254,95.00682349341892,3.003737134101829,0.0006718486024559415
39.991757296814534,49.98021268256744,0.9845634120292083,1.0191882625849296
49.99167192950688,59.990248468626504,1.0020108661095037,1.0017472849373183
39.98783300635202,50.00997215341864,1.0098467439703953,0.9996324567234377
50.00425830568122,60.01788976519314,1.021993235547391,0.9985015316650495
40.0049213980797,49.99714183432698,0.9931826053718542,1.0247153634931743
89.98440049959356,95.00352290038438,3.002879872513273,-0.009835522654000466
49.993092993937644,60.00359885728816,0.9925785204393031,0.9935029387736183
90.00591674680496,95.00096626509045,2.994703707444854,-0.003645456175932402
49.99933643629992,59.98594341125689,0.9904713641725857,1.0036610916612196
89.99922755406601,94.9960512688543,3.001907641152645,-0.008591224842905636
90.02450062786458,95.00482795867869,2.993497017663051,-0.003359384960392599
50.00415825366792,59.999792426194716,1.0049277097111327,0.9948454121391681
50.007433685923885,60.01594206989163,1.0181642027770328,0.9937167823155599
50.000568592850115,59.991302445350684,0.9941347665924766,1.0097648537529533
70.00831088722029,80.00061975583705,2.006190519357598,-0.0021930886375915895
39.99398134198476,50.00332847513541,0.9871196140613293,1.0156021671796358
70.00145733516331,79.99838631273572,1.9873667547867808,-0.0022828855909564245
70.00564307838191,79.99679778372645,1.995925798805384,-0.014333022456256981
90.01951003965134,94.98837522739962,3.013685910602204,0.0073564939879463545
50.02161546779927,59.98782633279164,0.9897789664733234,0.9993257556941029
39.993478167477484,50.00730033834941,0.9966476198270235,1.0146433373301271
89.99856442688859,95.00683111366487,2.996864219752545,-0.015121668524670175
70.0117229045744,80.00051091631565,1.9870418269461023,0.01381070598300189
49.99481263987829,60.00522226036789,0.996427402064443,1.003232480737607
90.00590245382499,95.01078930972875,3.0011559560426297,0.013288072817972932
49.99259778863446,60.001900227036515,1.0069376834235009,1.0009771892871178
89.98870912469133,95.00447198081415,2.990691354208289,0.0009482918369309777
49.99460314602842,59.98900840951066,0.997683990443752,0.9929982134367759
70.00775861647432,79.9927942845285,1.9939620034935701,-0.013940643975621383
39.99879533864087,50.00431075549517,1.003619757843035,1.0092342096991709
70.0001799046391,80.00679732427011,2.002934796544787,-0.014387275383511058
40.01570788748521,49.993323616209196,0.9989629048246468,0.9886372554556215
50.0154250428105,60.00595374985886,0.9967139390780447,0.9975356936767134
89.99526270043704,95.0013042473722,3.008692702341762,-0.0063570601616275615
69.99869236613696,79.97747359277524,2.005605498479983,0.021482402683236094
39.98868244646923,49.992939144065915,0.9893245841404918,0.9895886756555312
70.01088479276065,79.99246988773766,1.9965675483234762,0.0012301261933415895
39.98639057488373,49.998556758566856,0.9951098326674694,1.0033656714697818
69.98948788782195,79.99924322978367,1.9972680900553068,0.012429472586196606
39.97610686378655,49.99781630803488,1.0047975208490678,1.0076337507521622
40.01341895636938,50.0059326023866,0.9956016689951748,0.9925873100911092
50.00049872476208,60.00991872460725,0.9906285279534282,1.0007571245474076
40.00418875901334,49.9910447391422,1.0015777477407861,1.008892571791513
50.00580151549181,60.0127738116805,0.9933222463211261,0.9978445523912067
40.00961475978119,50.00707807295852,1.0084105983848075,0.9838706466458013
89.99490000539764,94.98476037928734,2.9848482000162466,0.009205309002043492
89.99564136451127,94.99124242071328,2.999458657148977,0.01077393651393061
89.99921067593958,95.00698646408188,3.0010719286059966,-0.01723286660562366
39.984597659606116,50.00013886416986,0.9949370060492564,0.9952505493764545
49.983827481488035,60.018440146322135,0.9846295982150975,0.9967800723813359
50.00192208385749,60.00783067396583,1.0021953781421924,0.9811912291541875
40.000106369674576,50.00197409580768,1.0024723462512068,0.9959401272003974
89.99316458694437,95.01195122818294,3.003017126728905,0.0012675335172297622
89.99872649816815,94.97885749561786,3.0027419497233394,0.006403914152905065
49.99720329619398,59.99614158422875,0.9997802108167798,0.9947936765693274
90.0075019602335,95.02799498849392,2.9995937604367895,-0.008560263049748723
69.9975266595907,79.99764102492905,1.9950385621515445,0.004592584606699186
50.00530997807449,60.00984653741453,1.0071244822929124,0.9925119642754666
90.00158926294833,94.99904625096478,2.9997283083194146,0.018128186514792505
50.02461390267058,60.00723331906172,1.0042448542981213,0.9928026299919599
70.02171821899015,80.00692704487865,1.9968218712486152,0.007346925475937062
50.008288974590265,59.98814154616706,0.9939259629749018,1.003961837072239
49.997562058311495,59.9913041127766,0.993209358329829,1.001005256859567
50.0005564482022,60.013169189947924,1.0022079334237437,0.9743010465285686
49.998097364192425,60.01738553300714,1.005133861573411,1.011311691315651
69.99988244786688,79.98955308976991,2.014971375855537,-0.0031087336131999065
40.0015956005273,49.994388457221206,0.9948416538878462,1.0003576716504419
50.00797782357623,60.006801798394264,1.0004220468339293,1.0029180437091623
50.01634145161305,59.99253653290044,0.9979665237813424,0.982264962263869
90.00904843131137,94.99160251474935,2.996995313615955,0.01287372736981717
49.9928072981601,59.986717902123054,0.9927588938592912,1.0167070241605347
89.9913686408012,94.98435173049974,3.0008899303309997,-0.006533493877017277
39.9993233346467,49.99957449582674,1.0100796464161124,0.9949942634717776
69.99709580429301,79.99735476777661,1.9955562369898816,-0.00019142546218223547
70.0058083383913,79.99031529887797,2.0074327270492724,-0.02341118912605591
39.99242327718922,50.002100407069285,0.9960144597331143,0.9847703185425706
69.9971815309273,79.99368739925949,1.9877416474087044,-0.002576861224563695
40.019676211136634,49.98545767783182,1.0036172306828097,0.9883383908984685
40.01019044596821,49.99994379299796,0.9989496987917698,0.9864310961799421
40.0043287965421,50.00215251178805,1.0005325482830556,1.0186788340182542
70.00486480656443,80.00521882324159,1.9953942124319568,-0.008843189267676396
90.0018865836282,94.98545485223832,2.9932755236951363,-0.0002923294574937078
39.98674536595424,50.0065473248515,0.9987867195255418,1.006232672631564
50.00125442987569,59.995059722530094,1.0089557797772026,1.0081353408309135
70.01325563474776,80.00170983673407,2.003040812780545,-0.006217632104237855
40.015155008225435,50.003481711008476,0.9891972981245652,1.0026783905464065
39.99233868014361,50.008258067697774,0.983895649730618,1.0025190081192956
50.000925227943135,60.00961701097054,0.9888965760951293,1.0198677534788592
90.01868966702149,95.01127359697453,3.005043484108657,-0.005351515328995432
89.99860727153903,94.99549276851265,3.0116544650657033,0.005643338509143975
89.99268825747767,95.01042549598428,3.0000105351045807,-0.014105361041676857
40.0068054365789,50.00039013064457,0.9820187118640987,1.0110045669655658
40.01517291888612,50.005363327476616,0.9968261352003748,0.9776336706790336
39.99482117150884,49.98410174305172,0.9983439540511195,1.0145477493913113
69.99927553975341,80.00337921470746,1.9958567186864902,0.0032981972978372498
49.99154130845603,59.99790614456997,1.0045334433341608,1.0036703581650532
40.00168968754795,49.99569382881934,1.0066406788928266,1.0075566874119177
49.985393394894636,60.00799758913036,1.0043771198757534,1.0200702439931786
49.99657593453922,59.98462796749724,1.007312453425947,1.007434212105872
90.00551624182259,94.99369690038645,2.9852828404929284,0.008101516232671923
69.99691031182311,79.99731866691398,2.0042807343192943,-0.014698556066123284
39.98448274876764,50.01193387667915,0.9938606656562573,0.988186186680908
90.00205537073614,94.98213950340012,3.0045297065646825,-0.0033747032386238756
90.00171307499349,94.9989943028945,3.0064043044353306,-0.015768251452472508
39.981285861486896,49.996820835937925,1.0045200655319015,0.9910141848862681
49.99318432424512,59.997016408634636,1.0000840710372414,1.0035441739342712
89.99412526936446,95.0067912279678,3.001386906566668,0.002805942682477519
50.0035714143898,60.00123416156303,0.999676372170707,1.0001498078542108
70.01244037566795,80.01050043768942,1.9944896321847654,-0.0011107841367584872
49.988638759441606,59.98750826605555,0.9921687154342855,0.9937896850016062
69.99233139486239,79.99333607696597,2.0058551878502904,0.01175331894786219
49.992934357756084,59.996966487307226,0.9897517511501446,1.0059703831940958
89.99840727156331,95.00636769289717,3.0094918286962686,0.014169292417159713
90.00746040207946,94.99827617674075,2.98067553871454,0.003940185445521331
69.99159971914482,80.01432870050638,2.011708573785206,0.0025169467584729207
39.99835980129459,49.99965929754531,1.008332752904614,0.9965810815470723
69.99005926340216,79.98900637916215,2.012171648904305,0.009503092937191406
70.00007419859182,80.00466599890683,1.9922189802170103,0.014714547958845966
49.99438339114637,60.0139612040353,1.004182923660728,0.9780053414918486
50.00666956507757,59.989508564225325,1.008081012346064,0.9961198334806715
70.00152489040464,80.01306175319975,2.0031750142799756,0.030225376624939026
89.99471460542267,95.00516361046621,3.01842936395917,0.009169356743781922
50.00612286973319,59.99491051807567,0.9899487482089812,1.0085224841089573
39.99420755718579,49.984241775705485,1.0056887476394254,1.0033637356283236
50.00283952647485,60.00295533886171,0.9928728138098387,1.0150226542512994
50.00911972660941,59.995032851058575,1.016408347849909,1.0085577293117833
39.99598465044554,49.9909916352317,1.012962447889597,0.9925937224692966
69.99197943615354,79.99195585796363,2.015022223875117,-0.00019350193860763175
39.996956051706164,50.002304732077995,0.9875468330462343,1.0002660607508844
69.99674070296409,80.01607135062716,1.9894711704979204,-0.0035722210001230344
70.01924787357767,80.0097993953502,1.9953006367327135,-0.004655490611423247
70.00258368316977,80.00478861586967,2.005011331676133,-0.012717245694766744
40.00238894879273,49.988454768344724,1.0065112073498554,1.001988085521231
70.00296980450375,79.98544599002311,1.9853485808474145,-0.001763111700283118
89.99678642487845,95.00438395641135,3.0091010006491636,0.0059410038041322
39.99821347475465,49.99396382853117,0.9949659915005112,0.9963198044095665
90.00309704841803,95.00157222562301,3.0121457004852137,0.0019775552610175086
70.01156248960476,80.01079975568531,1.9969369847170988,-0.011953874691404638
50.010629873809116,60.00436268867371,0.9953131486187479,0.9984856412635714
70.00907117343012,79.9971334411625,2.0134737642109366,0.009366528074231063
89.99791571099502,95.00513983032266,2.9982116953728486,-0.008848557718674504
90.00057744256219,95.00642163110574,2.9875250188337463,0.013516291181690928
40.00986784041421,50.002541219281895,0.9902408673171287,0.9780003879838156
49.99544232638116,59.980154028956925,0.991516337612606,1.0210311788289552
40.00434045826412,49.986781746099275,0.9815344217335614,0.9830717715415561
90.02354737363812,94.99773874540715,2.9814922056978133,-0.009523740483834196
70.00288839761345,79.98206902073002,1.998626329151103,0.00671617010263605
49.99976234371047,60.001417177035975,0.991367315875382,1.0114860489885609
70.01195626820044,79.99244833199364,1.9811045566245487,0.004640543347294042
70.00153319005588,79.99571378443228,2.010194179105477,0.002939831778477634
49.98922374107617,59.98666693564071,1.0163106771483552,0.9957112755076395
39.990801287391676,50.01146676943607,1.0131589812392923,1.0108954040907028
69.99631783278275,80.00830685002087,1.9813255405478318,-0.004612817976168487
90.00944645437785,94.9961101727881,2.9963227631622105,0.005164173704280551
69.99723438007169,79.99529278207241,2.00629800465321,-0.013169209663313593
49.98715204737423,59.99060947734998,0.9904748921683771,0.9864229085760536
49.997080710493194,60.01186073148772,0.9936656447520342,1.0134402729938614
50.00941842039099,60.00692511353257,0.9935920683691327,1.003488285886077
39.99418320683624,50.01536779013351,0.9866025073539393,1.0214601515551573
70.00979009733581,79.99555107441654,1.999164655951851,0.0034004961829866794
40.0034037375526,50.01654226112859,0.9852822203019135,1.005647479368532
40.01087557243246,49.998383845621234,0.9984753132793169,1.0064621970884002
49.99390208567684,59.98941670747724,0.9985149202913799,0.9974791164681087
50.00067661178613,59.99611936773292,1.0055671141208544,0.9897485573955429
39.98800665468793,49.989022410221075,1.0048909999288071,0.993550282189515
69.99411476036093,80.01948900353783,2.0131132208182265,0.006240078008985549
90.00946131245519,94.99597780143255,3.005222348050475,0.006704492407274668
40.010074773520635,50.000606934008886,1.0000764717827961,0.9972622883263786
70.00005322003919,80.0077808644688,1.9800857024077931,0.004950446023441296
49.99523312371617,59.99717425821258,1.0063284764962122,1.0106967960593785
50.00374650069178,59.99929219864399,0.9997405070057644,0.9925192507717326
69.99808380231553,79.98685107755024,2.0057424902317567,-0.0236630878625198
89.99230412702168,95.01194136251311,3.0109350025662787,0.008077327100673923
49.99619304867768,60.01480045541314,0.9956673923828137,1.012155767164118
49.993282803072134,60.008414292224735,1.0040187305136947,0.9815279433924965
50.01824077352708,60.00697497551503,0.9991697420139168,1.0023091434910547
70.01350430065904,80.0029810974447,1.9987303013009614,-0.0180407089349272
39.993889046039406,49.992254480249734,1.0131885768900935,0.9982490180857284
50.00313799178755,60.00178426140502,1.0076610234745143,0.9927872751939156
40.010937742926444,50.01445242784309,0.9887690080885172,0.978322289352907
89.99713635792918,94.99484365676923,2.9933231439332304,0.020397768971543766
49.98974450689007,60.005634496553,0.9935774357177511,1.004300380539701
50.0076981964447,59.993529176729076,0.9999765150540231,0.9749514716115998
90.00146675789301,94.97522721930996,3.0059438504609,-0.010045853424821892
49.989630526630215,60.01461410678962,1.0010701607686565,1.00427387733411
39.98628077945574,50.00049433175334,1.006443779104698,0.996293297724938
69.9947442726821,80.00866982020352,2.0042889810696516,0.003457813559657124
40.02114535333062,49.99080288485826,0.9939298327794546,0.9918085033049161
70.01622113104445,79.9868287007804,1.9969438124077221,-0.0010862307684290893
69.97808296045406,79.99393255716396,1.9845147052540417,0.01652194942181904
39.99819131003912,50.036345712771855,1.0009940205209382,1.0019423673506236
39.99170623026553,49.99512525733525,1.0074407261840985,1.0046716741894999
40.001491134544246,50.00627237152747,1.0039530517480684,1.0006108164678902
39.992411445151966,50.00849213307376,1.0067852047437609,1.0072170895863939
89.9741238097927,94.98933884662391,3.0045005980857002,0.00394867184174325
50.00315782612146,60.002793144641906,0.9852740173546943,0.9926624486880996
70.01258519089315,80.0043295433386,2.006437827307471,0.012694132335175095
40.009623238898335,50.015294244344325,1.0126489679852628,1.0073649486587177
40.014862776647874,49.998798098170035,0.9974344643263886,0.98791693391338
39.992413310137465,50.004478639844415,1.0046674927492258,1.0219777398424665
89.9851058707249,95.0002040824029,2.9992558073259494,-0.013534014271837043
40.01147432309223,50.000351188126466,1.0012411846228066,0.9911520217258518
39.9960329482468,50.00193088582483,0.9933596125936263,0.9960588053937719
39.986906153817515,49.992038043992856,0.9873267003167482,0.9970069337044838
50.00322187523194,60.00852531939169,1.0065719413627252,1.0104835695913867
90.00963720655037,94.97820045746847,2.9991269392285265,0.0027801261865261664
40.003004272442055,50.0136936860821,1.0017156655218693,0.9991703861152562
69.99603059220443,80.00975373668136,1.9983998027398626,-0.0028988489195561624
69.99733378558065,80.00367062525277,2.00826965357066,-0.009999580697561484
69.98797745180296,79.98677551087603,1.9984299638163903,0.011105990563898674
89.98874183888732,94.99689909256082,2.9851842320096993,0.007961757068768584
89.98799472365128,94.97523022243769,2.994685953599253,-0.0069074126296656295
70.00568598836247,80.00266078014157,2.0093853547427565,0.017659865445722737
39.99044840159152,49.99538267834713,1.000888571371409,1.009268554693906
90.01877839347594,95.00561227607584,2.9969748450055333,-0.010357023565405748
70.01033325414792,79.98223585216647,2.009932766594889,0.004222455953492087
70.01922867713277,79.9993562574648,1.9953950048237035,-0.0052105483412066955
39.99700734953269,50.00267695045899,0.9906560388249858,0.9952274685992051
50.01229665227666,60.00970714840869,0.9999934961682587,0.9992939463271221
90.00122384870734,95.00481459457308,2.999147170034293,0.002301278633252297
39.99218644697198,50.014314448367216,1.0215602137973012,1.009129281668388
69.98753712720773,80.00302781550405,2.0137780900875772,0.017341290996204146
70.00715309226666,80.00166179415307,2.0106462934831044,-0.0013946739313224535
40.00779752882988,49.980592560146285,0.993807130133637,1.0024043554385569
90.02154578486322,94.99363918229186,3.011900774763099,-0.01248553291787234
50.01032439232871,60.00562621879817,0.9919435628893,0.9939418479747808
49.98463708649348,59.995030321290514,1.010323069405313,1.005654085116977
70.01288803487645,80.00330016291718,1.9833191213645995,-0.01353711204973844
89.99486320336435,94.98469246437968,3.018875780140206,0.000635267096703647
50.00023452229104,59.99246500143282,0.9930298480818749,1.0081715694041595
90.01741731820283,94.99677740346986,2.982372910384967,-0.012035822854935527
89.98208093727496,94.99718378689303,2.982968862008036,-0.014428956994996606
70.00605408988922,79.98975554302632,1.9936846793099878,-0.00026904705268216545
49.975733287560224,59.99100931780791,0.9983807758768907,1.0086343595103433
39.980638295619904,50.002885043656555,0.9833483157058378,0.9918183911513876
69.98247432416001,79.9873979787515,2.005724020295155,0.0074314623378543485
49.988375290992664,59.99917201099243,1.0065438314369213,0.9975550481981952
49.988659314830215,59.98134300381952,1.0102704062597745,1.014811872919307
50.01710401309431,59.996983267860166,0.9981211323566056,1.009527049778877
49.99189375788167,59.98578656540062,0.994235996371673,0.9938105697892192
50.00015555248901,59.98584416773293,1.0136286578124538,0.9953287526580537
90.01003018942488,95.00157558832902,2.9980083902851997,-0.005424886712893487
70.01421107022497,79.98502938624313,1.9955632509222967,-0.0006230140763842255
89.99563825887682,95.00450025403887,3.0158067882689132,0.0011989809077526889
40.004828205993306,49.982828601439095,1.012258383268978,0.9869018891299917
49.9754249298191,59.99982662934067,0.991020185668536,0.9965213494613255
70.00211057021262,80.00334327986738,2.007437011747014,-0.01512545295459754
49.99926436286307,60.01139726310038,0.9854517184889517,0.9920205623700534
69.99275902417048,80.01455661936359,2.018594425142019,0.011461489818011022
89.99892222166271,94.99677684560044,2.9768410340062443,0.016260672394383488
70.01791271965331,79.9926455263328,2.0057897455186966,-0.003400216977692719
40.00055979612315,50.00088475716733,1.0105856538063969,0.9859700374128038
40.0159535066217,49.97996012704236,0.9875394575178597,1.009793471855149
69.99719872901463,80.01332295781339,1.9983720686670148,-0.010064902039318256
69.98477239270892,80.02295465537932,1.9985181680425532,-0.02285671889257673
70.00483934068515,79.99876611583873,2.0139058060724366,-0.010332423321827733
69.98993332989787,80.00269554994468,2.003847308421711,-0.008644761021731144
39.9910396652612,50.00508123491091,1.0063846241588326,1.0034716144983258
49.98558964310698,60.01680763358127,0.9912637361308173,0.9974492900646589
70.00207293944456,80.00299170903499,2.015640650508363,0.017862618092592916
70.01173835674385,79.97869253077525,1.9975855949636971,-0.003355794736303848
40.00729331996284,50.00000897696189,0.998424667103663,1.0270584711746777
39.97775561695436,49.99923408596742,1.0047407359428955,0.9789031611036029
89.99985842451063,95.01149080965443,3.013409583790678,0.012922967641836359
70.00770637269552,80.0016686913836,2.001260539001669,-0.005247558411804592
90.00201042574152,95.00493958165379,3.0072360606546757,0.0016749668255641834
40.0024205749465,50.001141808581046,0.9962402375608421,0.9772237181040765
40.00140938628773,50.015566929146566,0.9869304250802987,1.0036348801897816
49.98016970364621,59.98696115660726,0.9977762500439482,1.0022029327992195
70.00460541779238,80.00423433997399,1.9884776215939493,-0.02366812771724136
89.99811326233912,95.00119112780177,3.001549694082632,-0.007351777786805459
39.98961287849567,49.99950042183262,1.0027148002502597,0.9989412698335415
40.01339490255517,50.00889146128122,0.9990668348594445,0.9930032460020036
89.99269969022586,95.0141165294745,3.0105693234900497,-0.001842352665842134
49.98616504539794,60.000714785392525,1.0190661616818746,1.01617201850819
39.983302153415806,50.016382389439954,1.0015011769694322,1.011566130992553
70.0129890426816,80.0010269224238,2.006763118201896,0.006970823273637069
40.00251316132397,49.99772278617613,0.9880346579738275,1.006741942130399
69.99360172621704,79.98588363607635,1.9839950719439319,-0.018346537221573908
89.99597212623667,95.01512500085163,3.0098159205134647,0.006847315413024738
69.99673944333962,79.99351776041871,2.0120176508510195,0.00012909976608649655
89.99196549064865,94.98947498680675,3.0080141198992787,0.00040083281918813475
69.97735612822649,80.00314769729941,1.993724890943062,-0.0026203121597775264
89.98943630543664,94.99751297930942,2.9844879638395554,0.0036911855356986075
70.00556158977075,80.00783469950493,2.0044149382375567,0.01528533344759543
49.99449428430262,59.99406090817417,1.0134957380836422,1.0008881148891364
69.9895425345409,80.00093114622996,2.008822697466092,4.6136163019322786e-05
69.99246106882318,80.00119251123753,2.0108690870767,-0.004266700704741249
49.98852801857304,60.00720367391797,0.9958431350564159,1.0105311781634734
39.98369750001518,50.012654480489395,0.9919637358805674,0.9925691540405139
39.98975161032339,50.00997069993178,0.9931463143757284,1.0036550666603175
69.98489555133764,80.0098284529039,1.9954984841966206,-0.005005139788278256
50.00089546874361,60.00918195559112,0.9806279180137204,0.9945777200198312
69.99851967801689,80.01795150036975,1.996670146561067,0.021734214238424178
89.99134061590725,95.00042976405248,2.9953960885687874,-0.004302724123843027
90.00415679720682,95.01406328647667,2.9959606229380107,0.0024947090980172036
70.00391978447243,79.99520633787583,2.0048732413049515,-0.005465581379525645
39.99827427012196,50.001014644222536,0.9986298600615,0.981004945738942
39.98720488131198,49.969944981462376,1.0285388046409876,1.0014007332928818
70.01009940177403,79.99646992169436,2.0024596511139467,-0.005311433135460081
70.00847991195623,80.00153536693429,1.9870674229511363,0.009999344862440055
90.00475994727312,95.01538900808322,3.0031833120360485,0.007025168644267279
40.00727471013429,50.01322978337218,1.012910375613927,0.96662903444164
69.99863841459835,79.97214084216633,2.0015998324104873,0.007279557030963526
90.00087526827268,94.98568619598352,3.0146105484375503,0.013180642394681273
39.99428471411982,50.00075181890766,0.9928879701664673,1.0016927914698635
50.00725347385049,59.99590286525499,0.9858502904313349,0.9872826957221249
89.99864275158862,94.99749532290166,3.015944496301441,-0.006001063022662001
40.010859754467816,49.991230869133716,1.0139209544164371,1.0008668727573933
40.00507245396423,50.00832511177734,1.00075476542731,0.9913767989115881
89.9891595337383,95.00044073563075,3.0048010754875083,0.012928973743652634
50.0138472159849,59.985452964972666,1.0124321137917807,0.9830194533642478
89.99547137662577,95.01472039249633,2.9974768792262174,-0.000843529135038094
40.01311351917947,50.02206084179641,1.004858453341879,1.0064791379940912
69.99674457126005,79.98890218976288,1.9905254667799028,-0.005172223871920797
70.00564370242549,80.00240525785838,1.9878528858539548,0.005236479487578303
90.00275070306856,95.00149916426422,3.0024341687079175,0.006775160845014998
39.987249222451794,50.003973511484055,1.0063818006533158,0.9628587162620672
70.02131392183911,79.995993783268,1.9972751549767769,0.002528720409216775
40.00755100863992,50.00701467709403,1.0107299607790659,0.9987519767234437
89.98752826395878,95.00428061462907,3.0026915775208516,-0.01923654932008266
70.00765401695607,79.99439386930635,1.9805159496686489,-0.007436637466496079
39.97969552780553,49.991127105591225,1.0030593742841396,0.9972061498133312
70.00677573997066,79.99211761613587,2.009767226840058,-0.00035906591558869307
90.00320913579405,95.01660082990918,3.000609846531573,-0.001166373318926077
40.0083513526843,49.98143839387687,1.014081765578237,0.9975684817705379
69.99028855697279,79.99897160400195,2.0175007453740252,-0.002207986977209511
89.99329752637975,95.0079534854488,3.0053960523673946,-0.003825397453961981
69.99614289928283,79.98771137079494,1.9933433826643205,-0.017454056493543996
69.98843138743021,80.0074653413835,2.015088849620605,-0.01847139219530531
49.996103041100156,59.99907111830748,0.9938216009926942,0.9866182040264777
49.993389456470034,60.003093052092616,1.0156245071497496,0.9970321127690192
89.99840039593231,95.00263471680115,3.019705061806151,-0.008617579831798524
49.987248525812234,59.99098856215352,0.9966946895415807,1.0065703104493913
90.00361325388205,94.98991027226077,2.984680016988755,-0.011851905965950751
49.987230315347105,59.97665542045262,0.9900122204319358,1.0125969005846907
69.99786973738077,79.99560451376107,1.9977179332648765,0.0031006773318420933
90.01383599642993,95.00410329819343,3.004349029658031,0.00021711085724381496
90.00780412556549,95.00551322678137,2.999219131579816,0.008813411191238992
70.00119906640357,79.99354088153098,2.002680446066196,0.0013088074862812851
90.0056501195626,94.997842427077,2.9918953680329494,-0.009009537258045435
89.99420485353562,95.00316864821063,3.0178587167900637,0.0017716486753970263
49.977959914499145,59.99878610676119,1.0036151079550708,0.9869558792371883
89.9926679677141,94.99259034475305,2.997413492161394,0.005322977921857212
39.990525624961315,50.00063897709248,0.9970921656242323,1.0077119924881608
69.99750480779153,80.01915035436454,1.9850535863990286,-0.007194608362152472
50.00576595238035,59.993167135527166,0.9948917269614365,1.0048489547912955
49.9992124871395,59.99297263009067,1.0209855401628363,1.0041086947044124
39.993953283963556,49.99258640415686,0.9987856062236742,0.9866985803045781
69.98133230254372,80.00609041904052,2.002533677340351,0.007535930192017359
69.98705549547287,80.00119236842653,2.0152493182001683,0.003658282685478781
50.01843352070155,60.009530011564095,1.0078175054069305,0.9998986449979219
90.00412120080183,95.00585791692785,2.99504175885387,-0.007560545707544441
49.9956407921177,59.987927324731864,0.986981215799676,0.9930810342495605
70.01294597357844,80.00366887035574,2.0012851053268963,-0.020968858328940018
39.9979928859561,49.987779705006325,1.00397902033943,1.002549754880559
50.00668581043913,59.98976795806779,0.9861381078668718,1.0102101417540668
70.01429551135573,80.02255936659843,1.9817464696379445,-6.392526156499645e-05
50.01129489244495,60.00582500765369,1.0077679564215003,1.0058050669628402
89.98500493476745,94.98951058760228,2.9971301061041538,-0.024508761392071234
49.98427235641121,59.99119631596082,0.9946101800290439,0.99960845785008
50.02308902861928,59.98873547820629,1.0132750114473827,1.0023844735802434
70.00801794060544,79.9703948036339,1.999720873168846,-0.007165048297790886
69.99846462499458,80.01288649353408,1.9967310189951903,0.003540502092801722
69.99756327920295,79.99571614526448,2.014555020696959,-0.003152506275171793
49.98146418027497,59.98965988767916,0.9920568020943984,1.0090587305015262
89.98607550509027,94.98323143478079,2.9953536651066166,0.01724927330038173
39.99799350432791,50.00320472578144,0.9926267657089581,0.9983160432629956
40.010783352612115,49.99110850715771,0.9910583597511647,0.9904198573849664
69.99091741872039,80.00839641026118,1.9952454287864112,-0.0055181691932125266
69.9834052107429,79.99858400614913,1.994121948135104,0.002835531840603555
50.01616288376627,59.99868006416495,0.9913382086112332,1.0116305374586583
40.024688542016506,49.99573852073643,0.9923785136275222,0.9982135248993164
70.02012809631482,80.00481852699477,1.9959906957349616,-0.005805602703141693
89.98744257074657,95.00853326921357,2.9988474737377664,-0.008675376407655292
90.01441997583385,94.98882685880852,2.9952014158430575,0.0005955923294374235
70.0004157579816,80.00268009566483,2.0011969955049222,-0.009157027027257368
69.99752167249899,79.97444721856749,1.9995762616848458,-0.0005929394785032275
39.99435949616508,49.99830305725414,0.9845129695472963,0.9924583712369849
40.008508881100695,50.00018089682368,1.011719198087449,1.0242956386210698
50.00836723826801,59.99446597345846,0.9974034688947082,1.0095352428603568
40.007048011559355,49.99673360363635,1.0086665594706563,1.0036012405138257
89.99574498815821,94.9758850075473,2.9969218919874114,-0.015729333712089143
89.9727372116269,94.99320663028031,2.998511378019593,-0.004595342760748326
70.0101014639297,80.00474959683966,2.0133562751172382,-0.007590115865877833
40.00198987601552,49.98375147733009,0.9986358088876502,0.9914985052716144
49.98353308524692,59.99673120978745,1.0027395121114113,0.9852607888149457
90.0002355835436,94.98691919268275,2.979551943022661,-0.0005839709922974916
89.99863472779813,95.00342000551004,3.009389283794731,0.008205337800862378
49.99964390686891,59.994417721134525,1.007124587464656,0.9837489696610772
49.99427693547158,59.990971499650826,0.9920356222055661,1.002203309042735
90.00920201511954,94.99749664764447,2.995306533005445,0.02089200394306757
89.98513029943533,94.99376107104614,3.0087272787260244,0.00020262605559593462
49.98139298182647,60.00136020700769,1.0044711246299893,1.01165775560524
90.01073923868432,94.99384811174619,2.984322539445663,0.004196263701485366
69.99867945994409,79.99028268777155,1.9944399514298956,-0.001200079815544502
70.0146222437078,79.98482173739782,1.9947139754285408,-0.013308218153176943
49.978990898155075,60.001804412933666,1.0083722334681644,1.0069070078281182
40.00679018190187,50.005572613533126,0.9997498862489513,0.99276518817863
50.00481240320078,60.001920216615176,0.9902451652141769,0.9822056675437961
50.00712239056015,60.0056572357231,1.0222450895199888,1.0065862716742235
40.000615998270284,49.9780703629437,0.9978285848980794,0.9922837892732673
40.007156724375065,49.99572199912744,1.0066383209811258,1.008388634553803
39.985994792044174,50.00924048867505,0.9935232848056316,1.0030601515813409
69.98104372823607,80.00566019026503,1.9990503442396612,0.0028451224551857713
90.00039320003776,95.00231181939492,2.9746740511134933,-0.00367777819553516
70.00705785095877,79.99868975878306,1.981781226983141,0.004321650719928664
90.00465861215139,95.0132760534581,2.9984452780172615,-0.014986770823671662
69.99045495376244,80.00541506272181,1.9995563796564524,-0.011731422237901561
89.99785116421245,95.00478684055459,2.9920455679507887,-0.005740839391727271
69.9983765619534,79.9997286553843,2.0162280138083446,0.010665863620646084
39.986188739874834,49.984225604712854,1.0134026463884038,1.0020683732888236
50.00960256463718,60.02456151205542,0.9900943479228526,1.0044783038546299
69.99693654552762,80.00871907760829,2.0143091941256452,-0.017904324161240454
89.98786550715515,94.98398607680848,3.0006954640743366,-0.006422964088304808
39.9930904134207,50.00937208985795,1.0046911672115069,1.0086398285406108
70.01262685335631,79.98224462062069,1.9894587809654216,-0.007351710284834504
70.00136057588395,79.98055223172919,2.0144845173513883,0.0037997390808120965
40.0023098416238,49.99453024727908,1.0083163607615708,1.0101902603725879
69.99605988935518,79.9936946025223,1.9937287731802313,0.014822992110799087
49.997837508777714,59.993483395798776,1.0246747930924585,1.0019802027012894
69.9938793579995,80.00850133495447,1.9949688502775846,0.002113547934628768
49.99752574547463,59.98502303799205,0.9956478745312812,0.9895729327614251
50.00332410056124,59.99298546976673,1.0191653553972766,1.003088127623223
39.99076699725807,50.00305260496033,1.0146161499407773,1.0012696247275268
70.00542668301229,79.99848455688229,1.9896950813076892,0.007105618212948571
40.001907504068825,49.99546069786047,1.0027935856125016,1.0075809420328046
70.0148525865164,79.9966774863372,1.9865586729638878,0.003487934146574636
70.00717054668755,79.99489753077347,2.003606131180028,0.010153057845222658
90.00318282183066,95.01951739267443,3.0085000450435295,0.005055107784246032
70.02109552169408,80.00078274044856,2.004250347924468,-0.013545019788330852
39.97627001945637,49.98651460171975,0.99877086358564,0.9912275366753452
49.99225367681951,59.98797514142079,1.0079452782621656,1.0092720363613372
69.99222215209963,80.00742532384918,2.004635181165135,0.0046384256139206225
90.01181563278686,95.00407149217487,2.9913566927869337,0.010696988095315215
39.998431121134544,50.00995360666759,1.0005229018761794,1.0086556700661293
70.0047787365107,79.98857985268543,2.005248288190208,0.002261342796272635
39.9941716596372,49.987274399761944,1.0118992027836433,1.0085903162543188
90.00829941218716,94.99581673541249,3.0112201093982707,1.867400213960344e-05
89.99854296428556,94.99781428867442,3.0013046209232876,0.015963891021604504
39.98332972060964,50.00627424659266,0.9938020975227579,0.9973440754234069
70.0096753611679,79.99835928496069,1.987431072738577,-0.00176246477957956
49.99552496800811,60.00642081828372,0.9939317261617179,1.0042329779801873
89.98281522067252,95.023530717116,2.9816024250480373,-0.014078091735855135
70.00151434645038,80.00410716249978,2.013595053982975,-0.0027127022371932668
70.00562865417892,80.00127381569452,1.988823173018653,0.007521713329343446
50.00201875431637,59.98603577735945,1.0161235610196753,0.9961313303286337
90.02085063502975,95.00875751066481,2.9901163893901113,-0.027830078757904803
89.9934258389117,94.99331445450031,2.988287573864057,-0.0020513101337032774
70.0071700850179,80.01315577444005,2.0056170498023485,0.0094298747551193
70.00609801714815,80.00383017455728,2.002348780296939,-0.004778413905466339
49.99813818371944,59.99566978206906,1.0049310622972454,0.9859768380376104
49.99349319899716,60.00109684973933,1.018184553501903,1.0046813089635123
90.00585604856607,95.00541740919002,2.990351071579496,-0.010110804775019336
39.99342902472221,50.00188733158799,0.9910527466119708,0.9817623616609767
89.99691127132601,95.00626129589973,2.9901709739623126,0.013175816530922204
69.99980925279012,80.00143606315038,2.003917229848325,0.011601898241642615
90.01446134605818,94.98477163939309,2.9929028283786785,0.009313222937859425
39.992686631186906,49.99272024683784,1.0011184836510945,1.0116621970073887
49.99102259009899,59.99160078188506,1.0168757314276682,1.0014537154147731
40.00392849412811,49.97621283478959,1.005516959310235,1.0101681017796504
39.99481406712197,49.98841158420772,0.9924569412956279,0.9997223730047761
40.00150586693209,50.006807111686065,1.0011163921628736,1.0009616012958886
50.01071104262154,59.9857106915841,1.0074210879677126,0.9995426181047231
39.99098011665379,49.99479497823108,0.9954404833133631,0.9897524903156476
40.00161697366588,49.98636030100449,1.0090514387190783,0.995049178063799
39.99509761665415,50.01188565768414,1.0021049237807282,0.9872279367678666
70.00217191560735,80.0038479142486,1.991927953743114,-0.003905168110605244
39.98202341349013,49.99696877340076,0.9917408354277438,1.0000892997039765
49.9869065129816,60.00550004380541,1.0227477805336986,0.9930077508861305
39.9936224021941,49.98633283287764,0.9879219496135484,1.018470023899329
39.99005185063115,50.00291478296336,1.0048590144299325,1.0096852037020685
49.99656909997001,59.99376359299792,1.0009510972288973,0.9754335002274613
40.00748875223755,50.01035274199939,0.9953188634040224,0.9955755422587049
50.0099711952034,60.02069111642463,1.0053282250283035,1.007975565466106
39.99427276611133,50.02501172356645,0.9942064824573955,0.9889429374778752
50.00085083803323,60.00484657147095,1.0021719303046384,1.0039914564453338
40.00201274469391,49.99875388832219,1.0149771445938385,0.9942922998572356
40.00477835988643,50.00549404835722,1.003092423309552,0.9891941400913181
70.00224538124657,80.00506828225845,1.996080837723968,0.007974661620762684
70.01920540298413,80.00450994573113,2.00685199965565,-0.026772512611266768
40.008228199940035,50.00391041022541,0.9909881356866218,0.9994782901954704
39.978508634034206,49.98314223627355,1.0065217044481494,0.997050362593876
89.96830417785425,95.01292098006266,3.0077612365940745,-0.023868284648075933
